{"cameraMode":{"drawMode":0,"name":"Shaded","section":"Shading Mode"},"sceneLighting":false,"audioPlay":false,"sceneViewState":{"m_AlwaysRefresh":false,"showFog":true,"showSkybox":true,"showFlares":true,"showImageEffects":true,"showParticleSystems":true,"showVisualEffectGraphs":true,"m_FxEnabled":false},"in2DMode":false,"pivot":{"x":19.353954315185548,"y":0.9885045289993286,"z":55.91091537475586},"rotation":{"x":-0.15817134082317353,"y":0.04471975937485695,"z":-0.0071735139936208729,"w":-0.9863918423652649},"size":2.671792507171631,"orthographic":false}