{"cameraMode":{"drawMode":0,"name":"Shaded","section":"Shading Mode"},"sceneLighting":false,"audioPlay":false,"sceneViewState":{"m_AlwaysRefresh":false,"showFog":true,"showSkybox":false,"showFlares":true,"showImageEffects":true,"showParticleSystems":true,"showVisualEffectGraphs":true,"m_FxEnabled":false},"in2DMode":false,"pivot":{"x":0.5996035933494568,"y":0.7953612804412842,"z":-0.5915995836257935},"rotation":{"x":0.015393892303109169,"y":-0.9843552708625794,"z":0.13520580530166627,"w":0.11210543662309647},"size":1.236994981765747,"orthographic":false}